/*
SQLyog Community v12.4.3 (64 bit)
MySQL - 10.1.21-MariaDB : Database - desafiodt
*********************************************************************
*/

/*!40101 SET NAMES utf8 */;

/*!40101 SET SQL_MODE=''*/;

/*!40014 SET @OLD_UNIQUE_CHECKS=@@UNIQUE_CHECKS, UNIQUE_CHECKS=0 */;
/*!40014 SET @OLD_FOREIGN_KEY_CHECKS=@@FOREIGN_KEY_CHECKS, FOREIGN_KEY_CHECKS=0 */;
/*!40101 SET @OLD_SQL_MODE=@@SQL_MODE, SQL_MODE='NO_AUTO_VALUE_ON_ZERO' */;
/*!40111 SET @OLD_SQL_NOTES=@@SQL_NOTES, SQL_NOTES=0 */;
CREATE DATABASE /*!32312 IF NOT EXISTS*/`desafiodt` /*!40100 DEFAULT CHARACTER SET latin1 */;

USE `desafiodt`;

/*Table structure for table `glicemias` */

DROP TABLE IF EXISTS `glicemias`;

CREATE TABLE `glicemias` (
  `idGlicemia` int(11) NOT NULL AUTO_INCREMENT,
  `idParticipante` int(11) NOT NULL,
  `glicemia` int(3) NOT NULL,
  `data` date NOT NULL,
  `dataCadastro` datetime NOT NULL,
  PRIMARY KEY (`idGlicemia`)
) ENGINE=InnoDB AUTO_INCREMENT=173 DEFAULT CHARSET=latin1;

/*Data for the table `glicemias` */

insert  into `glicemias`(`idGlicemia`,`idParticipante`,`glicemia`,`data`,`dataCadastro`) values 
(1,1,108,'2017-07-13','2017-07-16 03:53:30'),
(2,1,73,'2017-07-13','2017-07-16 03:53:36'),
(3,1,114,'2017-07-13','2017-07-16 03:53:50'),
(4,2,100,'2017-07-16','2017-07-16 03:58:29'),
(5,2,90,'2017-07-16','2017-07-16 03:58:35'),
(6,2,70,'2017-07-16','2017-07-16 03:58:48'),
(7,1,75,'2017-07-15','2017-07-16 04:36:17'),
(8,1,89,'2017-07-15','2017-07-16 04:36:28'),
(9,1,116,'2017-07-15','2017-07-16 04:36:34'),
(10,1,135,'2017-07-14','2017-07-16 04:44:19'),
(11,1,84,'2017-07-14','2017-07-16 04:44:25'),
(12,1,113,'2017-07-14','2017-07-16 04:51:13'),
(13,5,135,'2017-07-13','2017-07-16 15:14:02'),
(14,5,133,'2017-07-13','2017-07-16 15:14:09'),
(15,5,80,'2017-07-13','2017-07-16 15:14:18'),
(16,19,147,'2017-07-16','2017-07-16 15:14:59'),
(17,14,147,'2017-07-16','2017-07-16 15:15:39'),
(18,14,135,'2017-07-16','2017-07-16 15:15:43'),
(19,14,137,'2017-07-13','2017-07-16 15:21:41'),
(20,13,159,'2017-07-13','2017-07-16 15:23:17'),
(21,13,103,'2017-07-13','2017-07-16 15:23:20'),
(22,13,190,'2017-07-13','2017-07-16 15:23:26'),
(23,21,140,'2017-07-13','2017-07-16 15:24:25'),
(24,21,241,'2017-07-13','2017-07-16 15:24:31'),
(25,21,154,'2017-07-13','2017-07-16 15:24:35'),
(26,11,94,'2017-07-13','2017-07-16 15:25:12'),
(27,11,91,'2017-07-13','2017-07-16 15:25:15'),
(28,11,98,'2017-07-13','2017-07-16 15:25:37'),
(29,16,191,'2017-07-13','2017-07-16 15:26:33'),
(30,9,104,'2017-07-13','2017-07-16 15:27:08'),
(31,9,136,'2017-07-13','2017-07-16 15:27:14'),
(32,20,140,'2017-07-13','2017-07-16 15:28:35'),
(33,20,176,'2017-07-13','2017-07-16 15:28:42'),
(34,20,210,'2017-07-13','2017-07-16 15:28:49'),
(35,12,131,'2017-07-13','2017-07-16 15:29:20'),
(36,12,119,'2017-07-13','2017-07-16 15:29:25'),
(37,12,153,'2017-07-13','2017-07-16 15:29:28'),
(38,4,157,'2017-07-13','2017-07-16 15:36:36'),
(39,4,175,'2017-07-13','2017-07-16 15:36:43'),
(40,4,202,'2017-07-13','2017-07-16 15:36:49'),
(41,3,105,'2017-07-13','2017-07-16 15:37:21'),
(42,3,122,'2017-07-13','2017-07-16 15:37:24'),
(43,3,79,'2017-07-13','2017-07-16 15:37:32'),
(44,7,159,'2017-07-13','2017-07-16 15:38:10'),
(45,7,84,'2017-07-13','2017-07-16 15:38:16'),
(46,7,70,'2017-07-13','2017-07-16 15:38:19'),
(47,10,93,'2017-07-13','2017-07-16 15:38:54'),
(48,10,86,'2017-07-13','2017-07-16 15:39:00'),
(49,10,155,'2017-07-13','2017-07-16 15:39:04'),
(50,17,94,'2017-07-13','2017-07-16 15:39:49'),
(51,17,250,'2017-07-13','2017-07-16 15:39:52'),
(52,17,112,'2017-07-13','2017-07-16 15:40:00'),
(53,18,81,'2017-07-16','2017-07-16 15:40:23'),
(54,18,71,'2017-07-13','2017-07-16 15:40:37'),
(55,18,168,'2017-07-13','2017-07-16 15:40:44'),
(56,4,144,'2017-07-14','2017-07-16 15:44:53'),
(57,4,154,'2017-07-14','2017-07-16 15:45:04'),
(58,4,139,'2017-07-14','2017-07-16 15:46:33'),
(59,22,147,'2017-07-13','2017-07-16 16:09:19'),
(60,22,135,'2017-07-13','2017-07-16 16:09:27'),
(61,22,137,'2017-07-13','2017-07-16 16:09:33'),
(62,8,176,'2017-07-14','2017-07-16 16:11:53'),
(63,8,166,'2017-07-14','2017-07-16 16:11:55'),
(64,29,81,'2017-07-13','2017-07-16 16:11:56'),
(65,8,87,'2017-07-14','2017-07-16 16:12:00'),
(66,29,71,'2017-07-13','2017-07-16 16:12:04'),
(67,29,168,'2017-07-13','2017-07-16 16:12:09'),
(68,22,135,'2017-07-14','2017-07-16 21:03:43'),
(69,22,162,'2017-07-14','2017-07-16 21:03:48'),
(70,22,147,'2017-07-14','2017-07-16 21:03:55'),
(74,13,155,'2017-07-14','2017-07-16 21:06:47'),
(75,13,220,'2017-07-14','2017-07-16 21:06:51'),
(76,13,246,'2017-07-14','2017-07-16 21:06:56'),
(77,21,131,'2017-07-14','2017-07-16 21:07:53'),
(78,21,100,'2017-07-14','2017-07-16 21:08:00'),
(79,21,160,'2017-07-14','2017-07-16 21:08:04'),
(80,11,139,'2017-07-14','2017-07-16 21:11:02'),
(81,11,104,'2017-07-14','2017-07-16 21:11:06'),
(82,11,177,'2017-07-14','2017-07-16 21:11:14'),
(83,9,148,'2017-07-14','2017-07-16 21:11:41'),
(84,9,75,'2017-07-14','2017-07-16 21:11:44'),
(85,12,109,'2017-07-14','2017-07-16 21:16:16'),
(86,12,81,'2017-07-14','2017-07-16 21:16:23'),
(87,12,82,'2017-07-14','2017-07-16 21:16:28'),
(88,10,92,'2017-07-14','2017-07-16 21:17:15'),
(89,10,88,'2017-07-14','2017-07-16 21:17:21'),
(90,20,93,'2017-07-14','2017-07-16 21:18:25'),
(91,9,140,'2017-07-14','2017-07-16 21:20:06'),
(92,17,136,'2017-07-14','2017-07-16 21:22:22'),
(93,17,214,'2017-07-14','2017-07-16 21:22:24'),
(94,17,182,'2017-07-14','2017-07-16 21:23:43'),
(95,29,173,'2017-07-14','2017-07-16 21:26:42'),
(96,29,117,'2017-07-14','2017-07-16 21:26:47'),
(97,29,88,'2017-07-14','2017-07-16 21:26:52'),
(98,7,97,'2017-07-14','2017-07-16 21:34:00'),
(99,7,112,'2017-07-14','2017-07-16 21:34:00'),
(100,7,113,'2017-07-14','2017-07-16 21:34:00'),
(101,20,217,'2017-07-14','2017-07-16 21:52:21'),
(102,20,308,'2017-07-14','2017-07-16 21:52:24'),
(103,7,114,'2017-07-16','2017-07-17 00:54:19'),
(104,7,164,'2017-07-16','2017-07-17 00:54:25'),
(105,7,189,'2017-07-16','2017-07-17 00:54:33'),
(106,9,147,'2017-07-16','2017-07-17 00:55:04'),
(107,9,71,'2017-07-16','2017-07-17 00:55:07'),
(108,9,110,'2017-07-16','2017-07-17 00:55:14'),
(109,20,217,'2017-07-16','2017-07-17 01:04:06'),
(110,20,155,'2017-07-16','2017-07-17 01:04:20'),
(111,4,168,'2017-07-16','2017-07-17 01:04:45'),
(112,4,132,'2017-07-16','2017-07-17 01:04:45'),
(113,20,150,'2017-07-16','2017-07-17 01:05:45'),
(114,11,121,'2017-07-16','2017-07-17 01:09:31'),
(115,11,128,'2017-07-16','2017-07-17 01:09:32'),
(116,11,85,'2017-07-16','2017-07-17 01:09:37'),
(117,21,81,'2017-07-16','2017-07-17 01:10:10'),
(118,21,120,'2017-07-16','2017-07-17 01:10:12'),
(119,21,72,'2017-07-16','2017-07-17 01:10:21'),
(120,22,91,'2017-07-16','2017-07-17 01:10:53'),
(121,29,70,'2017-07-16','2017-07-17 01:11:27'),
(122,29,112,'2017-07-16','2017-07-17 01:11:32'),
(123,8,101,'2017-07-16','2017-07-17 01:11:53'),
(124,8,110,'2017-07-16','2017-07-17 01:11:54'),
(125,12,101,'2017-07-16','2017-07-17 01:12:19'),
(126,12,159,'2017-07-16','2017-07-17 01:12:22'),
(127,12,108,'2017-07-16','2017-07-17 01:12:28'),
(128,17,121,'2017-07-16','2017-07-17 01:12:53'),
(129,17,136,'2017-07-16','2017-07-17 01:12:58'),
(130,17,82,'2017-07-16','2017-07-17 01:13:01'),
(131,4,155,'2017-07-16','2017-07-17 01:14:13'),
(132,1,121,'2017-07-16','2017-07-17 01:16:45'),
(133,1,94,'2017-07-16','2017-07-17 01:16:47'),
(134,1,75,'2017-07-16','2017-07-17 01:16:53'),
(135,29,87,'2017-07-16','2017-07-17 01:24:33'),
(136,22,187,'2017-07-15','2017-07-17 01:50:09'),
(137,22,112,'2017-07-15','2017-07-17 01:50:12'),
(138,22,125,'2017-07-15','2017-07-17 01:50:16'),
(139,21,116,'2017-07-15','2017-07-17 01:50:42'),
(140,21,114,'2017-07-15','2017-07-17 01:50:45'),
(141,21,171,'2017-07-15','2017-07-17 01:50:49'),
(142,11,125,'2017-07-15','2017-07-17 01:51:29'),
(143,11,142,'2017-07-15','2017-07-17 01:51:35'),
(144,11,94,'2017-07-15','2017-07-17 01:51:41'),
(145,9,144,'2017-07-15','2017-07-17 01:52:48'),
(146,9,135,'2017-07-15','2017-07-17 01:52:53'),
(147,9,179,'2017-07-15','2017-07-17 01:53:01'),
(148,20,218,'2017-07-15','2017-07-17 01:53:33'),
(149,20,227,'2017-07-15','2017-07-17 01:53:42'),
(150,12,75,'2017-07-15','2017-07-17 01:54:22'),
(151,12,113,'2017-07-15','2017-07-17 01:54:36'),
(152,12,203,'2017-07-15','2017-07-17 01:54:38'),
(153,17,192,'2017-07-15','2017-07-17 01:55:04'),
(154,17,80,'2017-07-15','2017-07-17 01:55:07'),
(155,17,285,'2017-07-15','2017-07-17 01:55:26'),
(156,29,176,'2017-07-15','2017-07-17 01:55:49'),
(157,29,119,'2017-07-15','2017-07-17 01:55:52'),
(158,29,101,'2017-07-15','2017-07-17 01:55:56'),
(159,4,127,'2017-07-15','2017-07-17 01:56:18'),
(160,4,150,'2017-07-15','2017-07-17 01:56:24'),
(161,4,142,'2017-07-15','2017-07-17 01:56:28'),
(162,6,171,'2017-07-15','2017-07-17 01:56:50'),
(163,6,279,'2017-07-15','2017-07-17 01:56:57'),
(164,6,350,'2017-07-15','2017-07-17 01:57:01'),
(165,15,90,'2017-07-15','2017-07-17 01:57:22'),
(166,15,153,'2017-07-15','2017-07-17 01:57:25'),
(167,15,117,'2017-07-15','2017-07-17 01:57:28'),
(168,7,108,'2017-07-15','2017-07-17 01:57:52'),
(169,7,142,'2017-07-15','2017-07-17 01:57:56'),
(170,7,93,'2017-07-15','2017-07-17 01:58:11'),
(171,22,351,'2017-07-16','2017-07-17 13:24:25'),
(172,22,101,'2017-07-16','2017-07-17 13:24:30');

/*Table structure for table `participantes` */

DROP TABLE IF EXISTS `participantes`;

CREATE TABLE `participantes` (
  `idParticipante` int(11) NOT NULL AUTO_INCREMENT,
  `nome` varchar(50) NOT NULL,
  `telefone` varchar(14) NOT NULL,
  `dataCadastro` datetime NOT NULL,
  PRIMARY KEY (`idParticipante`)
) ENGINE=InnoDB AUTO_INCREMENT=32 DEFAULT CHARSET=latin1;

/*Data for the table `participantes` */

insert  into `participantes`(`idParticipante`,`nome`,`telefone`,`dataCadastro`) values 
(1,'Paulo Sergio','(21)99474-6097','2017-07-16 00:00:00'),
(3,'Allyne Loyola','(19)98232-7231','2017-07-16 00:00:00'),
(4,'Daniel A. Júnior','(92)99174-4132','2017-07-16 00:00:00'),
(5,'Duda Vieira','(11)96147-3299','2017-07-16 00:00:00'),
(6,'Fernando Mazetto','(14)99906-5213','2017-07-16 00:00:00'),
(7,'Francielly Thainá','(19)98701-5703','2017-07-16 00:00:00'),
(8,'Gabriela Guimarães','(11)95636-0397','2017-07-16 00:00:00'),
(9,'Hianka Reis','(35)98804-1763','2017-07-16 00:00:00'),
(10,'Higor Cruz','(15)99631-2426','2017-07-16 00:00:00'),
(11,'Larissa Camargo','(53)98104-4367','2017-07-16 00:00:00'),
(12,'Layla Toneti','(14)99770-0037','2017-07-16 00:00:00'),
(13,'Lorrane Alves','(11)94951-8841','2017-07-16 00:00:00'),
(15,'Marcelo Oliveira','(16)99602-1476','2017-07-16 00:00:00'),
(16,'Marco A. Júnior','(24)99283-2765','2017-07-16 00:00:00'),
(17,'Mirian','(12)99620-8351','2017-07-16 00:00:00'),
(20,'Thaissa Mendes','(67)99812-4598','2017-07-16 00:00:00'),
(21,'Rodrigo Chagas','(32)99985-6283','2017-07-16 00:00:00'),
(22,'Lorrayne Fonseca','(24)99918-9005','2017-07-16 00:00:00'),
(29,'Gaby Barbosa','(67)99261-4563','2017-07-16 00:00:00'),
(30,'Jadna Cenci','(47)99930-1921','2017-07-17 00:00:00'),
(31,'Ingrid Sousa','(75)99891-4385','2017-07-17 00:00:00');

/*Table structure for table `usuarios` */

DROP TABLE IF EXISTS `usuarios`;

CREATE TABLE `usuarios` (
  `idUsuario` int(11) NOT NULL AUTO_INCREMENT,
  `nome` varchar(50) DEFAULT NULL,
  `email` varchar(200) DEFAULT NULL,
  `senha` char(32) DEFAULT NULL,
  `dataCadastro` datetime DEFAULT NULL,
  PRIMARY KEY (`idUsuario`)
) ENGINE=InnoDB AUTO_INCREMENT=6 DEFAULT CHARSET=latin1;

/*Data for the table `usuarios` */

insert  into `usuarios`(`idUsuario`,`nome`,`email`,`senha`,`dataCadastro`) values 
(1,'Paulo Sergio Xavier','xavier.paulosergio@gmail.com','81dc9bdb52d04dc20036dbd8313ed055','2017-07-16 02:30:39'),
(2,'Larissa C. Camargo','laricamargodm1@gmail.com','81dc9bdb52d04dc20036dbd8313ed055','2017-07-16 03:41:22'),
(3,'Daniel A. Júnior','danielandrejunior7@gmail.com','e9796e6986bb633416ae49ae10a042d6','2017-07-16 03:42:09'),
(4,'Gabriela Guimarães','gabyguimaraes@gmail.com','81dc9bdb52d04dc20036dbd8313ed055','2017-07-17 01:42:50'),
(5,'Miryane N. Lopes','mirynuneslopes@gmail.com','81dc9bdb52d04dc20036dbd8313ed055','2017-07-17 01:43:37');

/*!40101 SET SQL_MODE=@OLD_SQL_MODE */;
/*!40014 SET FOREIGN_KEY_CHECKS=@OLD_FOREIGN_KEY_CHECKS */;
/*!40014 SET UNIQUE_CHECKS=@OLD_UNIQUE_CHECKS */;
/*!40111 SET SQL_NOTES=@OLD_SQL_NOTES */;
